<?xml version="1.0" encoding="UTF-8"?>
<!DOCTYPE hibernate-mapping PUBLIC  
 "-//Hibernate/Hibernate Mapping DTD 3.0//EN"  
 "http://hibernate.sourceforge.net/hibernate-mapping-3.0.dtd">   
          
<hibernate-mapping>

<class name="com.nttdata.OnetoMany.Category">
<id name="categoryId"></id>

<property name="categoryName"></property>
<list name="category" cascade="all">
<key column="foreignid"></key>
<index column="type"></index>  
<one-to-many class="com.nttdata.OnetoMany.Product"></one-to-many>
</list>
</class>
</hibernate-mapping>